ingredient,count
Butter,44
Olive Oil,40
Salt,35
Eggs,34
Onion,33
Potatoes,25
Garlic,24
Milk,19
Sugar,18
Flour,16
Caster Sugar,16
Vegetable Oil,15
Parsley,14
Pepper,14
Garlic Clove,13
Lemon,12
Water,12
Plain Flour,11
Egg,11
Bacon,10
Carrots,10
Chicken Stock,10
Bread,9
Spring Onions,9
Vanilla Extract,8
Soy Sauce,8
Onions,8
Bay Leaf,8
Baking Powder,7
Tomatoes,7
Icing Sugar,7
Coriander,7
Self-raising Flour,7
Oil,6
Vegetable Stock,6
Tomato,6
Egg Yolks,6
Mushrooms,6
Double Cream,6
Cabbage,6
Parmesan,6
Tomato Puree,6
Red Chilli,6
Peanut Butter,5
Raspberries,5
Sausages,5
Rice,5
Lime,5
Lemon Juice,5
Egg Plants,5
Pork,5
White Wine Vinegar,5
Cinnamon,4
Salmon,4
Cucumber,4
Thyme,4
Minced Beef,4
Kale,4
Paprika,4
Ginger,4
Chickpeas,4
Puff Pastry,4
Honey,4
Orange,4
Peas,4
Black Pepper,4
Cumin,4
Worcestershire Sauce,4
Mayonnaise,4
Unsalted Butter,3
Braeburn Apples,3
Blackberries,3
butter,3
Aubergine,3
Cherry Tomatoes,3
Black Olives,3
Banana,3
Cannellini Beans,3
Dill,3
Beef,3
Celery,3
Lemons,3
Shortcrust Pastry,3
Chicken Breast,3
Harissa Spice,3
Creme Fraiche,3
Ham,3
Vanilla,3
Sea Salt,3
Custard,3
Breadcrumbs,3
Corn Flour,3
Strawberries,3
Greek Yogurt,3
Sushi Rice,3
Mirin,3
Sour Cream,3
Sunflower Oil,3
Golden Syrup,3
Spinach,3
Courgettes,3
Red Onions,3
Demerara Sugar,2
Salted Butter,2
caster sugar,2
ground almonds,2
almond extract,2
flaked almonds,2
Green Chilli,2
Coriander Leaves,2
salt,2
Fennel,2
plain flour,2
Butter Beans,2
Black Treacle,2
Ground Beef,2
Chicken Stock Cube,2
Buckwheat,2
Yeast,2
milk,2
double cream,2
eggs,2
Allspice,2
Rapeseed Oil,2
Leek,2
Broccoli,2
Ricotta,2
Red Pepper,2
Almonds,2
Chicken,2
Sake,2
Cardamom,2
Beef Brisket,2
Lettuce,2
Mozzarella,2
Avocado,2
Milk Chocolate,2
Dark Chocolate,2
Light Brown Soft Sugar,2
Grand Marnier,2
Mascarpone,2
Pork Chops,2
Sesame Seed,2
Shiitake Mushrooms,2
White Wine,2
Sesame Seed Oil,2
Ground Pork,2
Black Pudding,2
Mint,2
Parmesan Cheese,2
Fettuccine,2
Heavy Cream,2
Nutmeg,2
Chives,2
Gruy√®re,2
Beef Stock,2
Sardines,2
Cream Cheese,2
Broad Beans,2
Olive oil,2
Dried Oregano,2
Coconut Milk,2
Mustard,2
Digestive Biscuits,2
Chocolate Chips,2
Condensed Milk,2
White Chocolate Chips,2
Miniature Marshmallows,2
Suet,2
Lamb,2
Bay Leaves,2
Chicken Breasts,2
Brown Sugar,2
Spaghetti,2
Yellow Pepper,2
Basil,2
Red Wine Vinegar,2
Baguette,2
Feta,2
Green Beans,2
Rice wine,2
water,2
Brussels Sprouts,1
Ice Cream,1
digestive biscuits,1
Bramley apples,1
"free-range eggs, beaten",1
Red Chilli Powder,1
chilled butter,1
cold water,1
raspberry jam,1
"free-range egg, beaten",1
Pecan Nuts,1
Tomato Sauce,1
English Mustard,1
Beetroot,1
bread,1
sultanas,1
cinnamon,1
sugar,1
nutmeg,1
Maple Syrup,1
Brie,1
Prosciutto,1
Stilton Cheese,1
Dark Rum,1
Filo Pastry,1
Muscovado Sugar,1
Raisins,1
Single Cream,1
Walnuts,1
Cashew Nuts,1
Orange Blossom Water,1
Ginger Cordial,1
Dried Apricots,1
Couscous,1
Soy sauce,1
Granulated sugar,1
Potato starch,1
Vegetable oil,1
Chicken Legs,1
Passata,1
Dark Brown Soft Sugar,1
Red Wine Jelly,1
Cacao,1
Mars Bar,1
Rice Krispies,1
Plain chocolate,1
Granulated Sugar,1
Cocoa,1
salted butter,1
dark soft brown sugar,1
golden syrup,1
orange,1
rolled oats,1
Christmas pudding,1
Christmas Pudding,1
Flaked Almonds,1
Swede,1
Cider,1
Small Potatoes,1
Italian Fennel Sausages,1
Challots,1
Chorizo,1
Duck Legs,1
Cornstarch,1
Rice Vinegar,1
strawberries,1
meringue nests,1
ginger cordial,1
Clotted Cream,1
Fish Stock,1
Cod,1
French Lentils,1
Tarragon Leaves,1
Dry White Wine,1
Baked Beans,1
Raw king prawns,1
Chopped onion,1
Freshly chopped parsley,1
White wine,1
Chopped tomatoes,1
Minced garlic,1
Cubed Feta cheese,1
Chopped Parsley,1
Red Pepper Flakes,1
Rosemary,1
Floury Potatoes,1
Balsamic Vinegar,1
Fruit Mix,1
Raspberry Jam,1
Pickle Juice,1
Green Pepper,1
Ras el hanout,1
Pumpkin,1
Fries,1
Doner Meat,1
Garlic sauce,1
Hotsauce,1
Gouda cheese,1
Saffron,1
Brown Lentils,1
Macaroni,1
Cheese,1
Red Chilli Flakes,1
Thai red curry paste,1
vegetable stock cube,1
coconut milk,1
fish sauce,1
rice noodles,1
lime,1
king prawns,1
coriander,1
Lamb Leg,1
Pita Bread,1
Lamb Shoulder,1
Lamb Kidney,1
Chopped Onion,1
Mixed Peel,1
Goat Meat,1
mozzarella balls,1
baby plum tomatoes,1
fresh basil,1
farfalle,1
extra virgin olive oil,1
Green Olives,1
tuna,1
pepper,1
Mincemeat,1
Garam Masala,1
Mulukhiyah,1
Vegetable Stock Cube,1
Blueberries,1
Oatmeal,1
Ground Ginger,1
Creamed Corn,1
Peanut Cookies,1
Gelatine Leafs,1
Peanut Brittle,1
Pears,1
Star Anise,1
Brandy,1
Pilchards,1
Beef Gravy,1
Cheese Curds,1
Dried Fruit,1
Peanuts,1
Jam,1
Chilli,1
English Muffins,1
Smoked Salmon,1
Coconut Cream,1
Apples,1
Zucchini,1
Herring,1
Pecorino,1
Vine Tomatoes,1
penne rigate,1
olive oil,1
garlic,1
chopped tomatoes,1
red chilli flakes,1
italian seasoning,1
basil,1
Parmigiano-Reggiano,1
Frozen Peas,1
Currants,1
Prawns,1
Butternut Squash,1
Linguine Pasta,1
Sage,1
Shallots,1
Greek yogurt,1
Ground cumin,1
Cream,1
Redcurrants,1
Starch,1
Vinegar,1
Tahini,1
Lentils,1
Cayenne Pepper,1
soy sauce,1
brown sugar,1
ground ginger,1
minced garlic,1
cornstarch,1
chicken breasts,1
stir-fry vegetables,1
brown rice,1
sausages,1
vegetable oil,1
horseradish,1
cherry tomatoes,1
Tomato Ketchup,1
Oyster Sauce,1
Capers,1
Tuna,1
coco sugar,1
cacao,1
baking powder,1
flax eggs,1
almond milk,1
vanilla,1
Roasted Vegetables,1
Kidney Beans,1
Chopped Tomatoes,1
Mixed Grain,1
Udon Noodles,1
